"","age","bounce_time","county","location","chosen"
"1",16,165.5485196,"devon","a",0
"2",34,167.5593135,"devon","a",1
"3",6,165.8829517,"devon","a",0
"4",19,167.6855249,"devon","a",0
"5",34,169.9596807,"devon","a",1
"6",47,168.6887472,"devon","a",1
"7",7,169.6193817,"devon","a",0
"8",8,164.4162728,"devon","a",0
"9",8,167.5104297,"devon","a",0
"10",7,179.606068,"devon","a",0
"11",40,174.4654852,"devon","a",0
"12",38,164.7812478,"devon","a",0
"13",23,172.5594668,"devon","a",1
"14",7,179.0007743,"devon","a",0
"15",18,175.9704091,"devon","a",0
"16",16,170.8193187,"devon","a",1
"17",20,170.0534398,"devon","a",0
"18",20,171.0932718,"devon","a",1
"19",27,166.9571182,"devon","a",0
"20",18,169.7708317,"devon","a",0
"21",46,177.1744436,"devon","b",0
"22",20,170.6868505,"devon","b",0
"23",18,176.7402672,"devon","b",0
"24",20,182.921515,"devon","b",1
"25",25,182.3539525,"devon","b",0
"26",12,183.0819313,"devon","b",0
"27",30,182.1753313,"devon","b",0
"28",4,175.5122137,"devon","b",0
"29",27,173.5323951,"devon","b",0
"30",5,174.2216996,"devon","b",0
"31",16,174.8399351,"devon","b",0
"32",24,180.0634457,"devon","b",1
"33",5,190.6409588,"devon","b",0
"34",7,169.7087779,"devon","b",0
"35",23,179.5743569,"devon","b",0
"36",7,188.8472039,"devon","b",0
"37",37,173.2164322,"devon","b",0
"38",45,179.4239913,"devon","b",1
"39",16,182.8767077,"devon","b",1
"40",17,177.82055,"devon","b",0
"41",11,191.9322152,"devon","c",0
"42",20,185.6634414,"devon","c",0
"43",36,188.224188,"devon","c",1
"44",24,191.0762972,"devon","c",1
"45",41,193.0720144,"devon","c",0
"46",31,195.98165,"devon","c",0
"47",24,185.5081277,"devon","c",0
"48",24,191.7647472,"devon","c",0
"49",24,184.0877927,"devon","c",0
"50",30,193.0299285,"devon","c",0
"51",14,193.2441459,"devon","c",0
"52",28,187.5596646,"devon","c",0
"53",60,192.8173674,"devon","c",1
"54",19,192.8957911,"devon","c",0
"55",38,189.0644148,"devon","c",0
"56",27,190.6611123,"devon","c",0
"57",52,197.7971633,"devon","c",0
"58",21,186.3583927,"devon","c",1
"59",32,196.1694599,"devon","c",0
"60",42,188.3476105,"devon","c",1
"61",29,200.4518306,"cumbria","a",0
"62",34,202.6518694,"cumbria","a",1
"63",82,204.0826204,"cumbria","a",0
"64",59,205.1904028,"cumbria","a",1
"65",23,201.4306689,"cumbria","a",0
"66",51,199.2138714,"cumbria","a",0
"67",43,203.2291598,"cumbria","a",0
"68",28,197.3707903,"cumbria","a",1
"69",45,197.7966825,"cumbria","a",0
"70",46,199.6620064,"cumbria","a",1
"71",30,208.7708277,"cumbria","a",0
"72",52,199.6470087,"cumbria","a",0
"73",53,198.6395736,"cumbria","a",1
"74",36,193.3904581,"cumbria","a",0
"75",48,196.7885373,"cumbria","a",0
"76",44,195.7997268,"cumbria","a",0
"77",56,205.007335,"cumbria","a",0
"78",24,204.5745191,"cumbria","a",0
"79",30,197.821003,"cumbria","a",1
"80",35,202.9267917,"cumbria","a",0
"81",51,209.769199,"cumbria","b",1
"82",37,212.3001688,"cumbria","b",0
"83",46,206.8002264,"cumbria","b",0
"84",15,206.0291334,"cumbria","b",0
"85",55,216.4534082,"cumbria","b",1
"86",15,214.375613,"cumbria","b",0
"87",34,206.7412391,"cumbria","b",0
"88",32,201.7569338,"cumbria","b",0
"89",52,212.9415295,"cumbria","b",1
"90",39,209.9258209,"cumbria","b",0
"91",54,210.8249888,"cumbria","b",1
"92",29,213.8767095,"cumbria","b",0
"93",47,218.6140446,"cumbria","b",1
"94",48,210.8980754,"cumbria","b",0
"95",33,208.8068918,"cumbria","b",0
"96",34,213.5269776,"cumbria","b",0
"97",50,214.3452445,"cumbria","b",0
"98",51,212.429093,"cumbria","b",1
"99",41,214.0022867,"cumbria","b",0
"100",44,209.3735113,"cumbria","b",0
"101",61,217.0455452,"cumbria","c",1
"102",44,216.9197318,"cumbria","c",1
"103",30,215.0328021,"cumbria","c",0
"104",58,218.4580886,"cumbria","c",0
"105",58,221.1151929,"cumbria","c",0
"106",59,207.1896096,"cumbria","c",1
"107",16,225.4513367,"cumbria","c",0
"108",46,227.24234,"cumbria","c",1
"109",44,216.0924307,"cumbria","c",0
"110",42,227.2506149,"cumbria","c",0
"111",63,217.0385986,"cumbria","c",1
"112",38,220.5751091,"cumbria","c",0
"113",47,213.1708851,"cumbria","c",0
"114",26,229.8520674,"cumbria","c",0
"115",6,224.7217526,"cumbria","c",0
"116",30,229.9113525,"cumbria","c",1
"117",21,219.4764395,"cumbria","c",0
"118",47,221.150666,"cumbria","c",1
"119",35,211.9773527,"cumbria","c",0
"120",44,223.3711855,"cumbria","c",1
"121",28,200.5537862,"norfolk","a",0
"122",58,200.9446128,"norfolk","a",0
"123",39,208.5197375,"norfolk","a",0
"124",44,194.0454965,"norfolk","a",0
"125",43,202.8488506,"norfolk","a",1
"126",49,202.0203024,"norfolk","a",0
"127",38,199.3371222,"norfolk","a",0
"128",45,205.1835979,"norfolk","a",0
"129",26,205.9698587,"norfolk","a",1
"130",52,203.5147168,"norfolk","a",0
"131",29,204.7389919,"norfolk","a",0
"132",29,195.5731781,"norfolk","a",1
"133",24,199.0944746,"norfolk","a",0
"134",20,196.3430907,"norfolk","a",0
"135",47,201.3040275,"norfolk","a",1
"136",25,205.9356944,"norfolk","a",0
"137",56,195.3113561,"norfolk","a",1
"138",29,192.4014869,"norfolk","a",0
"139",4,189.6056855,"norfolk","a",1
"140",23,208.5542802,"norfolk","a",0
"141",61,209.8167773,"norfolk","b",1
"142",62,209.2845643,"norfolk","b",1
"143",21,209.815756,"norfolk","b",0
"144",47,209.0275725,"norfolk","b",1
"145",73,210.6181288,"norfolk","b",1
"146",60,216.5011188,"norfolk","b",0
"147",25,216.2859087,"norfolk","b",0
"148",84,216.5827531,"norfolk","b",1
"149",35,217.7575204,"norfolk","b",0
"150",44,211.8756156,"norfolk","b",1
"151",15,211.1851959,"norfolk","b",0
"152",31,200.3431534,"norfolk","b",1
"153",31,215.9294813,"norfolk","b",0
"154",25,206.6773416,"norfolk","b",0
"155",38,212.0453334,"norfolk","b",0
"156",41,216.4527049,"norfolk","b",1
"157",52,211.4987178,"norfolk","b",0
"158",41,221.358007,"norfolk","b",1
"159",40,211.7023111,"norfolk","b",0
"160",43,213.1243748,"norfolk","b",0
"161",45,216.7445608,"norfolk","c",0
"162",37,215.076173,"norfolk","c",1
"163",46,220.7127613,"norfolk","c",1
"164",53,220.9798451,"norfolk","c",1
"165",45,221.9942923,"norfolk","c",1
"166",42,218.9648973,"norfolk","c",1
"167",29,223.3676851,"norfolk","c",0
"168",26,219.1208868,"norfolk","c",0
"169",26,217.1293049,"norfolk","c",0
"170",20,217.9883381,"norfolk","c",1
"171",43,225.1104251,"norfolk","c",0
"172",57,218.4277133,"norfolk","c",0
"173",45,223.2930573,"norfolk","c",1
"174",58,221.7403879,"norfolk","c",1
"175",47,227.813772,"norfolk","c",0
"176",15,220.7496859,"norfolk","c",0
"177",35,213.8928711,"norfolk","c",1
"178",17,222.5052114,"norfolk","c",0
"179",62,217.3126191,"norfolk","c",0
"180",63,224.4747732,"norfolk","c",1
"181",60,216.3377005,"kent","a",1
"182",90,209.131404,"kent","a",1
"183",40,209.9054477,"kent","a",0
"184",54,207.4095317,"kent","a",0
"185",32,203.0326104,"kent","a",0
"186",47,217.1245855,"kent","a",0
"187",67,201.3487591,"kent","a",0
"188",67,201.7597024,"kent","a",1
"189",69,216.1824114,"kent","a",1
"190",62,204.9445967,"kent","a",1
"191",40,216.4814757,"kent","a",0
"192",38,212.5573173,"kent","a",0
"193",32,214.1797766,"kent","a",0
"194",39,215.6827243,"kent","a",0
"195",42,198.2832266,"kent","a",1
"196",51,207.8103437,"kent","a",1
"197",37,215.3628676,"kent","a",0
"198",35,206.6435205,"kent","a",1
"199",64,210.0694165,"kent","a",1
"200",43,213.1133748,"kent","a",0
"201",51,212.0792079,"kent","b",0
"202",53,215.5315906,"kent","b",0
"203",81,220.1562685,"kent","b",1
"204",59,206.2180513,"kent","b",0
"205",67,212.2298946,"kent","b",1
"206",41,208.0642112,"kent","b",0
"207",51,207.3500373,"kent","b",0
"208",52,213.011877,"kent","b",0
"209",59,213.559816,"kent","b",0
"210",77,215.2943604,"kent","b",1
"211",52,210.9402553,"kent","b",1
"212",60,215.9652086,"kent","b",1
"213",76,204.9527426,"kent","b",0
"214",73,213.5820623,"kent","b",1
"215",71,214.7521981,"kent","b",1
"216",49,209.5279787,"kent","b",0
"217",50,205.9587665,"kent","b",1
"218",81,201.3215734,"kent","b",1
"219",59,214.4584547,"kent","b",1
"220",58,203.7714782,"kent","b",0
"221",73,210.9189945,"kent","c",0
"222",58,208.2950642,"kent","c",1
"223",56,208.4432241,"kent","c",1
"224",78,210.7099817,"kent","c",1
"225",72,215.3302228,"kent","c",0
"226",77,203.3975435,"kent","c",1
"227",66,213.7782631,"kent","c",1
"228",100,200.1821687,"kent","c",1
"229",77,208.7098561,"kent","c",0
"230",57,211.3342879,"kent","c",0
"231",79,212.9441394,"kent","c",1
"232",59,196.7165149,"kent","c",1
"233",75,203.9223975,"kent","c",1
"234",66,196.2828091,"kent","c",0
"235",58,206.2261176,"kent","c",0
"236",55,207.7157235,"kent","c",1
"237",75,204.5781914,"kent","c",1
"238",63,199.6817128,"kent","c",1
"239",40,206.8766707,"kent","c",1
"240",90,214.4067381,"kent","c",1
"241",70,205.3738454,"dorset","a",0
"242",68,206.759194,"dorset","a",1
"243",95,204.6719573,"dorset","a",1
"244",60,194.4018364,"dorset","a",1
"245",54,191.9884128,"dorset","a",0
"246",67,193.7814212,"dorset","a",1
"247",33,198.1494526,"dorset","a",0
"248",72,203.8420388,"dorset","a",1
"249",65,200.1460101,"dorset","a",0
"250",75,201.9407357,"dorset","a",1
"251",78,195.1705195,"dorset","a",1
"252",56,205.593968,"dorset","a",1
"253",66,198.5213738,"dorset","a",0
"254",87,209.0728968,"dorset","a",1
"255",75,191.5980825,"dorset","a",0
"256",82,199.0071224,"dorset","a",1
"257",62,200.615296,"dorset","a",0
"258",84,194.1533128,"dorset","a",1
"259",46,202.7619162,"dorset","a",0
"260",47,201.9771132,"dorset","a",0
"261",79,208.9110526,"dorset","b",1
"262",89,192.7707273,"dorset","b",1
"263",84,200.7337844,"dorset","b",0
"264",93,202.0110594,"dorset","b",1
"265",55,202.015438,"dorset","b",1
"266",60,204.6495169,"dorset","b",1
"267",52,205.557111,"dorset","b",1
"268",64,192.3148453,"dorset","b",1
"269",100,198.8746157,"dorset","b",1
"270",61,191.6780829,"dorset","b",1
"271",62,199.7898795,"dorset","b",1
"272",81,196.9084076,"dorset","b",1
"273",81,202.5377201,"dorset","b",1
"274",53,193.4432113,"dorset","b",0
"275",53,204.5964783,"dorset","b",1
"276",59,194.6660724,"dorset","b",1
"277",78,198.9087408,"dorset","b",1
"278",90,202.8991734,"dorset","b",1
"279",70,194.0053025,"dorset","b",1
"280",70,204.432935,"dorset","b",1
"281",69,198.599238,"dorset","c",1
"282",79,198.4922727,"dorset","c",0
"283",80,203.0018325,"dorset","c",0
"284",87,204.0924923,"dorset","c",1
"285",69,196.6191159,"dorset","c",1
"286",80,197.2118055,"dorset","c",1
"287",76,197.4367955,"dorset","c",1
"288",71,196.3309402,"dorset","c",0
"289",100,200.2723806,"dorset","c",1
"290",100,191.2489292,"dorset","c",1
"291",90,208.3710426,"dorset","c",1
"292",100,199.1000412,"dorset","c",1
"293",91,195.2930049,"dorset","c",1
"294",100,192.9174389,"dorset","c",1
"295",49,199.0632277,"dorset","c",0
"296",76,193.4526523,"dorset","c",1
"297",100,196.5466237,"dorset","c",1
"298",85,193.2691794,"dorset","c",1
"299",47,196.2377882,"dorset","c",1
"300",70,208.3468606,"dorset","c",1
"301",19,169.8457111,"london","a",0
"302",31,168.4443179,"london","a",0
"303",32,172.6260848,"london","a",1
"304",48,169.9158692,"london","a",1
"305",28,169.4562011,"london","a",0
"306",47,173.2164946,"london","a",1
"307",33,182.0087228,"london","a",0
"308",23,172.2301887,"london","a",0
"309",33,162.3266403,"london","a",0
"310",42,174.1197927,"london","a",0
"311",32,170.464896,"london","a",0
"312",50,172.0604235,"london","a",0
"313",33,166.3266633,"london","a",0
"314",4,171.0507305,"london","a",0
"315",25,164.9587105,"london","a",0
"316",19,168.6704394,"london","a",0
"317",40,178.4998931,"london","a",0
"318",26,177.7946445,"london","a",0
"319",30,171.0892154,"london","a",0
"320",24,174.7524868,"london","a",1
"321",30,177.5754957,"london","b",1
"322",52,169.0762543,"london","b",1
"323",31,175.9195615,"london","b",0
"324",18,176.4742145,"london","b",0
"325",34,171.933489,"london","b",0
"326",27,169.1192163,"london","b",1
"327",52,171.6060259,"london","b",1
"328",55,172.8035081,"london","b",1
"329",34,185.0029331,"london","b",0
"330",14,175.4381516,"london","b",0
"331",42,184.3563081,"london","b",0
"332",35,178.1971182,"london","b",1
"333",58,175.3422198,"london","b",1
"334",39,185.9965017,"london","b",1
"335",4,173.5325881,"london","b",0
"336",27,179.1025508,"london","b",1
"337",41,185.4089792,"london","b",0
"338",35,182.8629878,"london","b",0
"339",42,182.5324659,"london","b",0
"340",40,179.6827508,"london","b",0
"341",41,190.3528249,"london","c",0
"342",55,189.6619891,"london","c",1
"343",48,189.8144079,"london","c",1
"344",20,191.637876,"london","c",0
"345",21,183.4594161,"london","c",0
"346",25,196.1379368,"london","c",0
"347",43,192.2720432,"london","c",1
"348",42,186.1325782,"london","c",1
"349",15,193.6163673,"london","c",0
"350",38,197.504274,"london","c",0
"351",16,188.9933373,"london","c",0
"352",45,184.0380145,"london","c",0
"353",26,191.7543213,"london","c",0
"354",25,190.4149845,"london","c",0
"355",7,184.1359253,"london","c",0
"356",31,198.5599755,"london","c",1
"357",20,187.8678848,"london","c",0
"358",26,189.6532957,"london","c",0
"359",14,196.0603978,"london","c",1
"360",25,186.4692712,"london","c",0
"361",84,210.7849136,"cheshire","a",1
"362",98,216.177762,"cheshire","a",1
"363",83,202.6896246,"cheshire","a",1
"364",67,207.9572995,"cheshire","a",1
"365",60,213.5493376,"cheshire","a",1
"366",93,214.9188549,"cheshire","a",1
"367",73,205.9777832,"cheshire","a",1
"368",33,210.4354024,"cheshire","a",0
"369",75,214.2783122,"cheshire","a",1
"370",77,208.3020933,"cheshire","a",1
"371",65,218.5710411,"cheshire","a",1
"372",73,213.0088214,"cheshire","a",1
"373",65,201.3747601,"cheshire","a",1
"374",55,208.8451337,"cheshire","a",0
"375",48,212.5688928,"cheshire","a",0
"376",75,212.9179121,"cheshire","a",1
"377",77,207.9578875,"cheshire","a",0
"378",83,209.1888438,"cheshire","a",1
"379",78,209.1163802,"cheshire","a",1
"380",62,205.4238249,"cheshire","a",0
"381",69,216.7468,"cheshire","b",0
"382",85,220.1734949,"cheshire","b",1
"383",62,215.9364267,"cheshire","b",1
"384",53,222.5172536,"cheshire","b",0
"385",64,217.7349199,"cheshire","b",0
"386",72,220.2700929,"cheshire","b",1
"387",100,209.490674,"cheshire","b",1
"388",43,232.0245441,"cheshire","b",0
"389",57,222.4751674,"cheshire","b",1
"390",64,212.103999,"cheshire","b",1
"391",98,215.7331782,"cheshire","b",1
"392",63,218.0322671,"cheshire","b",0
"393",94,230.6504174,"cheshire","b",1
"394",65,215.8086151,"cheshire","b",0
"395",53,218.4740889,"cheshire","b",1
"396",80,217.2142413,"cheshire","b",0
"397",78,219.5686339,"cheshire","b",0
"398",80,219.1786122,"cheshire","b",0
"399",66,214.5941259,"cheshire","b",0
"400",79,229.194926,"cheshire","b",0
"401",63,224.1063165,"cheshire","c",1
"402",78,235.2356907,"cheshire","c",1
"403",41,230.1745264,"cheshire","c",0
"404",73,228.7563058,"cheshire","c",1
"405",77,235.7619325,"cheshire","c",1
"406",63,226.0114365,"cheshire","c",1
"407",85,227.3245942,"cheshire","c",0
"408",37,231.6467391,"cheshire","c",1
"409",46,229.4615062,"cheshire","c",0
"410",70,227.8427592,"cheshire","c",0
"411",45,224.7289876,"cheshire","c",1
"412",64,226.2744909,"cheshire","c",1
"413",57,231.5607752,"cheshire","c",0
"414",53,233.6532496,"cheshire","c",0
"415",74,227.8715397,"cheshire","c",1
"416",67,234.9150294,"cheshire","c",1
"417",68,236.3624529,"cheshire","c",1
"418",69,218.379971,"cheshire","c",1
"419",89,232.5136804,"cheshire","c",1
"420",55,229.1559291,"cheshire","c",1
"421",68,187.2742058,"essex","a",0
"422",87,193.4146872,"essex","a",1
"423",72,183.0901561,"essex","a",0
"424",41,191.4369676,"essex","a",0
"425",72,187.5830611,"essex","a",0
"426",54,194.1433106,"essex","a",1
"427",69,190.3476995,"essex","a",1
"428",95,195.5906784,"essex","a",1
"429",54,185.5103318,"essex","a",1
"430",83,195.131278,"essex","a",1
"431",58,193.1420621,"essex","a",0
"432",53,196.8125429,"essex","a",1
"433",84,187.5895292,"essex","a",1
"434",82,187.5918829,"essex","a",1
"435",67,185.0610719,"essex","a",1
"436",58,195.2989693,"essex","a",1
"437",70,187.7512061,"essex","a",0
"438",70,191.5504562,"essex","a",0
"439",100,193.4236447,"essex","a",1
"440",55,187.2260442,"essex","a",1
"441",80,201.4693094,"essex","b",1
"442",55,200.0089144,"essex","b",0
"443",25,201.1818922,"essex","b",1
"444",60,203.0729543,"essex","b",0
"445",65,196.7923379,"essex","b",1
"446",67,211.515051,"essex","b",1
"447",59,197.4586825,"essex","b",0
"448",51,197.3639815,"essex","b",0
"449",71,200.1878132,"essex","b",1
"450",78,200.1565211,"essex","b",1
"451",43,200.004242,"essex","b",1
"452",41,199.2015347,"essex","b",1
"453",57,196.3897333,"essex","b",1
"454",75,203.1731159,"essex","b",1
"455",77,193.5597646,"essex","b",1
"456",71,200.1274406,"essex","b",1
"457",49,204.1876621,"essex","b",0
"458",41,200.6415586,"essex","b",0
"459",13,199.9993253,"essex","b",1
"460",76,193.3399833,"essex","b",1
"461",77,212.2828061,"essex","c",0
"462",74,209.3062303,"essex","c",1
"463",94,216.7270906,"essex","c",1
"464",62,222.4187767,"essex","c",1
"465",59,206.2145502,"essex","c",0
"466",67,209.9636539,"essex","c",0
"467",51,203.2931779,"essex","c",1
"468",57,212.7266793,"essex","c",0
"469",70,209.9372328,"essex","c",1
"470",77,215.9616383,"essex","c",1
"471",74,214.1953811,"essex","c",0
"472",58,211.6900388,"essex","c",0
"473",64,222.9063425,"essex","c",0
"474",54,222.4036862,"essex","c",1
"475",87,205.6941259,"essex","c",1
"476",82,211.1533123,"essex","c",1
"477",59,213.5771741,"essex","c",0
"478",69,207.625105,"essex","c",1
"479",75,198.2527734,"essex","c",1
"480",66,208.0559773,"essex","c",1
